"Variable / Field Name","Form Name","Section Header","Field Type","Field Label","Choices, Calculations, OR Slider Labels","Field Note","Text Validation Type OR Show Slider Number","Text Validation Min","Text Validation Max",Identifier?,"Branching Logic (Show field only if...)","Required Field?","Custom Alignment","Question Number (surveys only)","Matrix Group Name","Matrix Ranking?","Field Annotation"
record_id,eegetlog,,text,"Record ID",,,,,,,,,,,,,
eeget_head,eegetlog,,descriptive,"<div class='blue'><center><span style='font-weight: normal;'><strong>EEG-ET Session Log</strong></span></center></div>",,,,,,,,,,,,,
eeget_covid,eegetlog,,checkbox,"COVID-19 Protocols:","0, Participant changed masks | 1, Participant sanitized hands | 2, Experimenter wearing face mask, gloves, lab coat, face shield",,,,,,,,,,,,
eeget_ofc,eegetlog,EEG,text,"OFC (cm): ",,,number,,,,,,,,,,
eeget_netid,eegetlog,,text,"NET ID# (serial number):",,,,,,,,,,,,,
eeget_hc_netsize,eegetlog,,radio,"Hydrocell Net Size","0, PS 47-51 | 1, PL 51-54 | 2, AS 54-56 | 3, AM 56-58 | 4, AL 58+",,,,,,,,,,,,
eeget_netfit_qual,eegetlog,,radio,"<i>START Net Fit Quality</i>","0, Poor (1) | 1, Average (2) | 2, Excellent (3)",,,,,,,,RH,,,,
eeget_netfit_qual_1,eegetlog,,text,RENET,,,,,,,"[eeget_netfit_qual] = 0",,,,,,
eeget_netfit_qual_2,eegetlog,,radio,"Offset: ","0, Front | 1, Back | 2, Right | 3, Left | 4, Other",,,,,,"[eeget_netfit_qual] = 1",,RH,,,,
eeget_attempts,eegetlog,,text,"# of attempts to final start net: ",,,number,,,,,,,,,,
eeget_impedences,eegetlog,,yesno,"Impedences measured",,,,,,,,,RH,,,,
eeget_impedences_atypical,eegetlog,,text,"High/Atypical: ",,,,,,,"[eeget_impedences] = 1",,,,,,
eeget_calibration,eegetlog,ET,yesno,"Calibration measured",,,,,,,,,RH,,,,
eeget_validation,eegetlog,,yesno,"Validation measured",,,,,,,,,RH,,,,
eeget_calibration_type,eegetlog,,radio,"Calibration type","0, Standard | 1, Stars",,,,,,,,RH,,,,
eeget_calibration_qual,eegetlog,,radio,"<i>START Eye-tracking Calibration Quality</i>","0, Poor (1) | 1, Average (2) | 2, Excellent (3)",,,,,,,,RH,,,,
eeget_calibration_qual_1,eegetlog,,text,Re-do,,,,,,,"[eeget_calibration_qual] = 0",,,,,,
eeget_calibration_qual_2,eegetlog,,radio,"Points with offset: ","0, Top-Left | 1, Top-Right | 2, Center | 3, Bottom-Left | 4, Bottom-Right",,,,,,"[eeget_calibration_qual] = 1",,,,,,
eeget_room,eegetlog,,radio,"Room set-up: ","0, Standard | 1, Deviations",,,,,,,,RH,,,,
eeget_room_dev,eegetlog,,text,"Please explain:",,,,,,,"[eeget_room] = 1",,,,,,
eeget_room_location_ba,eegetlog,,radio,"BA Location: ","0, R | 1, L | 2, B | 3, No",,,,,,,,RH,,,,
eeget_room_location_parent,eegetlog,,radio,"Parent Location:","0, R | 1, L | 2, B | 3, No",,,,,,,,RH,,,,
eeget_exp_order,eegetlog,,radio,"Experiment order: ","0, Standard | 1, Deviations",,,,,,,,RH,,,,
eeget_exp_order_dev,eegetlog,,text,"Please explain:",,,,,,,"[eeget_exp_order] = 1",,,,,,
eeget_p1_start,eegetlog,"Paradigm 1: Resting State (4 blocks)",text,"Time Start",,,time,,,,,,,,,,
eeget_p1_end,eegetlog,,text,"Time End",,,time,,,,,,,,,,
eeget_p1_chcklst_su,eegetlog,,descriptive,"Set-up checklist",,,,,,,,,,,,,
eeget_p1_chklist_impedance,eegetlog,,radio,"Impedance check: ","0, Done | 1, Not required",,,,,,,,,,,,
eeget_p1_chcklst_et,eegetlog,,radio,"Eye-tracker calibration: ","0, Done | 1, Not required",,,,,,,,,,,,
eeget_p1_chklst_et_done,eegetlog,,checkbox,,"0, Calibration measured | 1, Calibration type (select below) | 2, Standard | 3, Stars | 4, Validation measured",,,,,,"[eeget_p1_chcklst_et] = 0",,,,,,
eeget_p1_chcklst_dq,eegetlog,,descriptive,"<div class=""rich-text-field-label""><p>Data Quality Checklist</p></div>",,,,,,,,,,,,,
eeget_p1_b1,eegetlog,,descriptive,"<div class=""rich-text-field-label""><p><span style=""text-decoration: underline;"">Block 1: </span></p> <table style=""border-collapse: collapse; width: 100%; height: 129px;"" border=""1""> <tbody> <tr style=""height: 17px;""> <td style=""width: 11.2306%; height: 17px; text-align: center;"">Good</td> <td style=""width: 43.7624%; height: 17px; text-align: center;"">Questionable</td> <td style=""width: 43.6209%; height: 17px; text-align: center;"">Invalid</td> </tr> <tr style=""height: 17px;""> <td style=""width: 11.2306%; height: 17px;"">{eeget_p1_b1_good}</td> <td style=""width: 43.7624%; height: 17px;"">Reasons: {eeget_p1_b1_reasons}</td> <td style=""width: 43.6209%; height: 17px;""> </td> </tr> <tr style=""height: 17px;""> <td style=""width: 11.2306%; height: 17px;""> </td> <td style=""width: 43.7624%; height: 17px;"">Notes: {eeget_p1_b1_notes}</td> <td style=""width: 43.6209%; height: 17px;""> </td> </tr> </tbody> </table></div>",,,,,,,,,,,,,
eeget_p1_b1_good,eegetlog,,checkbox,Good,"0,",,,,,,,,,,,,
eeget_p1_b1_reasons,eegetlog,,checkbox,Reasons,"0, Movement | 1, Attention | 2, Talking | 3, Did not understand task | 4, Distance from the screen | 5, Eye-tracker recalibration required | 6, EEG net movement | 7, Other",,,,,,,,,,,,
eeget_p1_b1_notes,eegetlog,,notes,"Notes: ",,,,,,,,,,,,,
eeget_p1_b2,eegetlog,,descriptive,"<div class=""rich-text-field-label""><p><span style=""text-decoration: underline;"">Block 2: </span></p> <table style=""border-collapse: collapse; width: 100%; height: 129px;"" border=""1""> <tbody> <tr style=""height: 17px;""> <td style=""width: 11.2306%; height: 17px; text-align: center;"">Good</td> <td style=""width: 43.7624%; height: 17px; text-align: center;"">Questionable</td> <td style=""width: 43.6209%; height: 17px; text-align: center;"">Invalid</td> </tr> <tr style=""height: 17px;""> <td style=""width: 11.2306%; height: 17px;"">{eeget_p1_b2_good}</td> <td style=""width: 43.7624%; height: 17px;"">Reasons: {eeget_p1_b2_reasons}</td> <td style=""width: 43.6209%; height: 17px;""> </td> </tr> <tr style=""height: 17px;""> <td style=""width: 11.2306%; height: 17px;""> </td> <td style=""width: 43.7624%; height: 17px;"">Notes: {eeget_p1_b2_notes}</td> <td style=""width: 43.6209%; height: 17px;""> </td> </tr> </tbody> </table></div>",,,,,,,,,,,,,
eeget_p1_b2_good,eegetlog,,checkbox,Good,"0,",,,,,,,,,,,,
eeget_p1_b2_reasons,eegetlog,,checkbox,Reasons,"0, Movement | 1, Attention | 2, Talking | 3, Did not understand task | 4, Distance from the screen | 5, Eye-tracker recalibration required | 6, EEG net movement | 7, Other",,,,,,,,,,,,
eeget_p1_b2_notes,eegetlog,,notes,"Notes: ",,,,,,,,,,,,,
eeget_p1_b3,eegetlog,,descriptive,"<div class=""rich-text-field-label""><p><span style=""text-decoration: underline;"">Block 3: </span></p> <table style=""border-collapse: collapse; width: 100%; height: 129px;"" border=""1""> <tbody> <tr style=""height: 17px;""> <td style=""width: 11.2306%; height: 17px; text-align: center;"">Good</td> <td style=""width: 43.7624%; height: 17px; text-align: center;"">Questionable</td> <td style=""width: 43.6209%; height: 17px; text-align: center;"">Invalid</td> </tr> <tr style=""height: 17px;""> <td style=""width: 11.2306%; height: 17px;"">{eeget_p1_b3_good}</td> <td style=""width: 43.7624%; height: 17px;"">Reasons: {eeget_p1_b3_reasons}</td> <td style=""width: 43.6209%; height: 17px;""> </td> </tr> <tr style=""height: 17px;""> <td style=""width: 11.2306%; height: 17px;""> </td> <td style=""width: 43.7624%; height: 17px;"">Notes: {eeget_p1_b3_notes}</td> <td style=""width: 43.6209%; height: 17px;""> </td> </tr> </tbody> </table></div>",,,,,,,,,,,,,
eeget_p1_b3_good,eegetlog,,checkbox,Good,"0,",,,,,,,,,,,,
eeget_p1_b3_reasons,eegetlog,,checkbox,Reasons,"0, Movement | 1, Attention | 2, Talking | 3, Did not understand task | 4, Distance from the screen | 5, Eye-tracker recalibration required | 6, EEG net movement | 7, Other",,,,,,,,,,,,
eeget_p1_b3_notes,eegetlog,,notes,"Notes: ",,,,,,,,,,,,,
eeget_p1_b4,eegetlog,,descriptive,"<div class=""rich-text-field-label""><p><span style=""text-decoration: underline;"">Block 4: </span></p> <table style=""border-collapse: collapse; width: 100%; height: 129px;"" border=""1""> <tbody> <tr style=""height: 17px;""> <td style=""width: 11.2306%; height: 17px; text-align: center;"">Good</td> <td style=""width: 43.7624%; height: 17px; text-align: center;"">Questionable</td> <td style=""width: 43.6209%; height: 17px; text-align: center;"">Invalid</td> </tr> <tr style=""height: 17px;""> <td style=""width: 11.2306%; height: 17px;"">{eeget_p1_b4_good}</td> <td style=""width: 43.7624%; height: 17px;"">Reasons: {eeget_p1_b4_reasons}</td> <td style=""width: 43.6209%; height: 17px;""> </td> </tr> <tr style=""height: 17px;""> <td style=""width: 11.2306%; height: 17px;""> </td> <td style=""width: 43.7624%; height: 17px;"">Notes: {eeget_p1_b4_notes}</td> <td style=""width: 43.6209%; height: 17px;""> </td> </tr> </tbody> </table></div>",,,,,,,,,,,,,
eeget_p1_b4_good,eegetlog,,checkbox,Good,"0,",,,,,,,,,,,,
eeget_p1_b4_reasons,eegetlog,,checkbox,Reasons,"0, Movement | 1, Attention | 2, Talking | 3, Did not understand task | 4, Distance from the screen | 5, Eye-tracker recalibration required | 6, EEG net movement | 7, Other",,,,,,,,,,,,
eeget_p1_b4_notes,eegetlog,,notes,"Notes: ",,,,,,,,,,,,,
eeget_p1_decision,eegetlog,,radio,"Decision for analysis: ","0, Data | 1, Questionable | 2, No Data",,,,,,,,,,,,
eeget_p1_decision_reason,eegetlog,,checkbox,"Reasons: ","0, Quality | 1, Attention/Movement | 2, Refusal | 3, Did not understand | 4, Other",,,,,,"[eeget_p1_decision] > 0",,,,,,
eeget_p1_saved,eegetlog,,checkbox,,"0, Data file saved to appropriate folder",,,,,,,,,,,,
eeget_p2_start,eegetlog,"Paradigm 2: Anti-Saccade (1 block, 52 trials)",text,"Time Start",,,time,,,,,,,,,,
eeget_p2_end,eegetlog,,text,"Time End",,,time,,,,,,,,,,
eeget_p2_script,eegetlog,,descriptive,"<i><br>(Read script)</br>
This next task will also involve some animations. It will take about <u>5</u> minutes. Your job is to look at the screen. Remember to keep your body and head as still as possible.</i>",,,,,,,,,,,,,
eeget_p2_chcklst_su,eegetlog,,descriptive,"Set-up checklist",,,,,,,,,,,,,
eeget_p2_chklist_impedance,eegetlog,,radio,"Impedance check: ","0, Done | 1, Not required",,,,,,,,,,,,
eeget_p2_chcklst_et,eegetlog,,radio,"Eye-tracker calibration: ","0, Done | 1, Not required",,,,,,,,,,,,
eeget_p2_chklst_et_done,eegetlog,,checkbox,,"0, Calibration measured | 1, Calibration type (select below) | 2, Standard | 3, Stars | 4, Validation measured",,,,,,"[eeget_p1_chcklst_et] = 0",,,,,,
eeget_p2_chcklst_dq,eegetlog,,descriptive,"<div class=""rich-text-field-label""><p>Data Quality Checklist</p></div>",,,,,,,,,,,,,
eeget_p2_b1,eegetlog,,descriptive,"<div class=""rich-text-field-label""><p><span style=""text-decoration: underline;"">Block 1: </span></p> <table style=""border-collapse: collapse; width: 100%; height: 129px;"" border=""1""> <tbody> <tr style=""height: 17px;""> <td style=""width: 11.2306%; height: 17px; text-align: center;"">Good</td> <td style=""width: 43.7624%; height: 17px; text-align: center;"">Questionable</td> <td style=""width: 43.6209%; height: 17px; text-align: center;"">Invalid</td> </tr> <tr style=""height: 17px;""> <td style=""width: 11.2306%; height: 17px;"">{eeget_p2_b1_good}</td> <td style=""width: 43.7624%; height: 17px;"">Reasons: {eeget_p2_b1_reasons}</td> <td style=""width: 43.6209%; height: 17px;""> </td> </tr> <tr style=""height: 17px;""> <td style=""width: 11.2306%; height: 17px;""> </td> <td style=""width: 43.7624%; height: 17px;"">Notes: {eeget_p2_b1_notes}</td> <td style=""width: 43.6209%; height: 17px;""> </td> </tr> </tbody> </table></div>",,,,,,,,,,,,,
eeget_p2_b1_good,eegetlog,,checkbox,Good,"0,",,,,,,,,,,,,
eeget_p2_b1_reasons,eegetlog,,checkbox,Reasons,"0, Movement | 1, Attention | 2, Talking | 3, Did not understand task | 4, Distance from the screen | 5, Eye-tracker recalibration required | 6, EEG net movement | 7, Other",,,,,,,,,,,,
eeget_p2_b1_notes,eegetlog,,notes,"Notes: ",,,,,,,,,,,,,
eeget_p2_decision,eegetlog,,radio,"Decision for analysis: ","0, Data | 1, Questionable | 2, No Data",,,,,,,,,,,,
eeget_p2_decision_reason,eegetlog,,checkbox,"Reasons: ","0, Quality | 1, Attention/Movement | 2, Refusal | 3, Did not understand | 4, Other",,,,,,"[eeget_p2_decision] > 0",,,,,,
eeget_p2_saved,eegetlog,,checkbox,,"0, Data file saved to appropriate folder",,,,,,,,,,,,
eeget_p3_start,eegetlog,"Paradigm 3: SSVEP (3 blocks, 40 trials each)",text,"Time Start",,,time,,,,,,,,,,
eeget_p3_end,eegetlog,,text,"Time End",,,time,,,,,,,,,,
eeget_p3_script,eegetlog,,descriptive,"<i><br>(Read script)</br>
The next task will involve watching a textured pattern on the screen. It will take about <u>5</u> minutes. Your job is to look at the screen. Remember to keep your body and your head as still as possible.</i>",,,,,,,,,,,,,
eeget_p3_chcklst_su,eegetlog,,descriptive,"Set-up checklist",,,,,,,,,,,,,
eeget_p3_chklist_impedance,eegetlog,,radio,"Impedance check: ","0, Done | 1, Not required",,,,,,,,,,,,
eeget_p3_chcklst_et,eegetlog,,radio,"Eye-tracker calibration: ","0, Done | 1, Not required",,,,,,,,,,,,
eeget_p3_chklst_et_done,eegetlog,,checkbox,,"0, Calibration measured | 1, Calibration type (select below) | 2, Standard | 3, Stars | 4, Validation measured",,,,,,"[eeget_p3_chcklst_et] = 0",,,,,,
eeget_p3_chcklst_dq,eegetlog,,descriptive,"<div class=""rich-text-field-label""><p>Data Quality Checklist</p></div>",,,,,,,,,,,,,
eeget_p3_b1,eegetlog,,descriptive,"<div class=""rich-text-field-label""><p><span style=""text-decoration: underline;"">Block 1: </span></p> <table style=""border-collapse: collapse; width: 100%; height: 129px;"" border=""1""> <tbody> <tr style=""height: 17px;""> <td style=""width: 11.2306%; height: 17px; text-align: center;"">Good</td> <td style=""width: 43.7624%; height: 17px; text-align: center;"">Questionable</td> <td style=""width: 43.6209%; height: 17px; text-align: center;"">Invalid</td> </tr> <tr style=""height: 17px;""> <td style=""width: 11.2306%; height: 17px;"">{eeget_p3_b1_good}</td> <td style=""width: 43.7624%; height: 17px;"">Reasons: {eeget_p3_b1_reasons}</td> <td style=""width: 43.6209%; height: 17px;""> </td> </tr> <tr style=""height: 17px;""> <td style=""width: 11.2306%; height: 17px;""> </td> <td style=""width: 43.7624%; height: 17px;"">Notes: {eeget_p3_b1_notes}</td> <td style=""width: 43.6209%; height: 17px;""> </td> </tr> </tbody> </table></div>",,,,,,,,,,,,,
eeget_p3_b1_good,eegetlog,,checkbox,Good,"0,",,,,,,,,,,,,
eeget_p3_b1_reasons,eegetlog,,checkbox,Reasons,"0, Movement | 1, Attention | 2, Talking | 3, Did not understand task | 4, Distance from the screen | 5, Eye-tracker recalibration required | 6, EEG net movement | 7, Other",,,,,,,,,,,,
eeget_p3_b1_notes,eegetlog,,notes,"Notes: ",,,,,,,,,,,,,
eeget_p3_b2,eegetlog,,descriptive,"<div class=""rich-text-field-label""><p><span style=""text-decoration: underline;"">Block 2: </span></p> <table style=""border-collapse: collapse; width: 100%; height: 129px;"" border=""1""> <tbody> <tr style=""height: 17px;""> <td style=""width: 11.2306%; height: 17px; text-align: center;"">Good</td> <td style=""width: 43.7624%; height: 17px; text-align: center;"">Questionable</td> <td style=""width: 43.6209%; height: 17px; text-align: center;"">Invalid</td> </tr> <tr style=""height: 17px;""> <td style=""width: 11.2306%; height: 17px;"">{eeget_p3_b2_good}</td> <td style=""width: 43.7624%; height: 17px;"">Reasons: {eeget_p3_b2_reasons}</td> <td style=""width: 43.6209%; height: 17px;""> </td> </tr> <tr style=""height: 17px;""> <td style=""width: 11.2306%; height: 17px;""> </td> <td style=""width: 43.7624%; height: 17px;"">Notes: {eeget_p3_b2_notes}</td> <td style=""width: 43.6209%; height: 17px;""> </td> </tr> </tbody> </table></div>",,,,,,,,,,,,,
eeget_p3_b2_good,eegetlog,,checkbox,Good,"0,",,,,,,,,,,,,
eeget_p3_b2_reasons,eegetlog,,checkbox,Reasons,"0, Movement | 1, Attention | 2, Talking | 3, Did not understand task | 4, Distance from the screen | 5, Eye-tracker recalibration required | 6, EEG net movement | 7, Other",,,,,,,,,,,,
eeget_p3_b2_notes,eegetlog,,notes,"Notes: ",,,,,,,,,,,,,
eeget_p3_b3,eegetlog,,descriptive,"<div class=""rich-text-field-label""><p><span style=""text-decoration: underline;"">Block 3: </span></p> <table style=""border-collapse: collapse; width: 100%; height: 129px;"" border=""1""> <tbody> <tr style=""height: 17px;""> <td style=""width: 11.2306%; height: 17px; text-align: center;"">Good</td> <td style=""width: 43.7624%; height: 17px; text-align: center;"">Questionable</td> <td style=""width: 43.6209%; height: 17px; text-align: center;"">Invalid</td> </tr> <tr style=""height: 17px;""> <td style=""width: 11.2306%; height: 17px;"">{eeget_p3_b3_good}</td> <td style=""width: 43.7624%; height: 17px;"">Reasons: {eeget_p3_b3_reasons}</td> <td style=""width: 43.6209%; height: 17px;""> </td> </tr> <tr style=""height: 17px;""> <td style=""width: 11.2306%; height: 17px;""> </td> <td style=""width: 43.7624%; height: 17px;"">Notes: {eeget_p3_b3_notes}</td> <td style=""width: 43.6209%; height: 17px;""> </td> </tr> </tbody> </table></div>",,,,,,,,,,,,,
eeget_p3_b3_good,eegetlog,,checkbox,Good,"0,",,,,,,,,,,,,
eeget_p3_b3_reasons,eegetlog,,checkbox,Reasons,"0, Movement | 1, Attention | 2, Talking | 3, Did not understand task | 4, Distance from the screen | 5, Eye-tracker recalibration required | 6, EEG net movement | 7, Other",,,,,,,,,,,,
eeget_p3_b3_notes,eegetlog,,notes,"Notes: ",,,,,,,,,,,,,
eeget_p3_decision,eegetlog,,radio,"Decision for analysis: ","0, Data | 1, Questionable | 2, No Data",,,,,,,,,,,,
eeget_p3_decision_reason,eegetlog,,checkbox,"Reasons: ","0, Quality | 1, Attention/Movement | 2, Refusal | 3, Did not understand | 4, Other",,,,,,"[eeget_p3_decision] > 0",,,,,,
eeget_p3_saved,eegetlog,,checkbox,,"0, Data file saved to appropriate folder",,,,,,,,,,,,
eeget_p4_start,eegetlog,"Paradigm 4: Visual-Search (1 block, 28 trials)",text,"Time Start",,,time,,,,,,,,,,
eeget_p4_end,eegetlog,,text,"Time End",,,time,,,,,,,,,,
eeget_p4_script,eegetlog,,descriptive,"<i><br>(Read script)</br>
This next task will take about <u>5</u> minutes. Your job is to look at the screen. Remember to keep your body and your head as still as possible.</i>",,,,,,,,,,,,,
eeget_p4_chcklst_su,eegetlog,,descriptive,"Set-up checklist",,,,,,,,,,,,,
eeget_p4_chklist_impedance,eegetlog,,radio,"Impedance check: ","0, Done | 1, Not required",,,,,,,,,,,,
eeget_p4_chcklst_et,eegetlog,,radio,"Eye-tracker calibration: ","0, Done | 1, Not required",,,,,,,,,,,,
eeget_p4_chklst_et_done,eegetlog,,checkbox,,"0, Calibration measured | 1, Calibration type (select below) | 2, Standard | 3, Stars | 4, Validation measured",,,,,,"[eeget_p1_chcklst_et] = 0",,,,,,
eeget_p4_chcklst_dq,eegetlog,,descriptive,"<div class=""rich-text-field-label""><p>Data Quality Checklist</p></div>",,,,,,,,,,,,,
eeget_p4_b1,eegetlog,,descriptive,"<div class=""rich-text-field-label""><p><span style=""text-decoration: underline;"">Block 1: </span></p> <table style=""border-collapse: collapse; width: 100%; height: 129px;"" border=""1""> <tbody> <tr style=""height: 17px;""> <td style=""width: 11.2306%; height: 17px; text-align: center;"">Good</td> <td style=""width: 43.7624%; height: 17px; text-align: center;"">Questionable</td> <td style=""width: 43.6209%; height: 17px; text-align: center;"">Invalid</td> </tr> <tr style=""height: 17px;""> <td style=""width: 11.2306%; height: 17px;"">{eeget_p4_b1_good}</td> <td style=""width: 43.7624%; height: 17px;"">Reasons: {eeget_p4_b1_reasons}</td> <td style=""width: 43.6209%; height: 17px;""> </td> </tr> <tr style=""height: 17px;""> <td style=""width: 11.2306%; height: 17px;""> </td> <td style=""width: 43.7624%; height: 17px;"">Notes: {eeget_p4_b1_notes}</td> <td style=""width: 43.6209%; height: 17px;""> </td> </tr> </tbody> </table></div>",,,,,,,,,,,,,
eeget_p4_b1_good,eegetlog,,checkbox,Good,"0,",,,,,,,,,,,,
eeget_p4_b1_reasons,eegetlog,,checkbox,Reasons,"0, Movement | 1, Attention | 2, Talking | 3, Did not understand task | 4, Distance from the screen | 5, Eye-tracker recalibration required | 6, EEG net movement | 7, Other",,,,,,,,,,,,
eeget_p4_b1_notes,eegetlog,,notes,"Notes: ",,,,,,,,,,,,,
eeget_p4_decision,eegetlog,,radio,"Decision for analysis: ","0, Data | 1, Questionable | 2, No Data",,,,,,,,,,,,
eeget_p4_decision_reason,eegetlog,,checkbox,"Reasons: ","0, Quality | 1, Attention/Movement | 2, Refusal | 3, Did not understand | 4, Other",,,,,,"[eeget_p4_decision] > 0",,,,,,
eeget_p4_saved,eegetlog,,checkbox,,"0, Data file saved to appropriate folder",,,,,,,,,,,,
eeget_p5_start,eegetlog,"Paradigm 5: SSAEP (4 blocks, 40 trials each)",text,"Time Start",,,time,,,,,,,,,,
eeget_p5_end,eegetlog,,text,"Time End",,,time,,,,,,,,,,
eeget_p5_script,eegetlog,,descriptive,"<i><br>(Read script)</br>
This next task will involve some tones being played as you watch the screen. It will take about <u>5</u> minutes. Remember to keep your body and your head as still as possible.</i>",,,,,,,,,,,,,
eeget_p5_chcklst_su,eegetlog,,descriptive,"Set-up checklist",,,,,,,,,,,,,
eeget_p5_chklist_impedance,eegetlog,,radio,"Impedance check: ","0, Done | 1, Not required",,,,,,,,,,,,
eeget_p5_chcklst_et,eegetlog,,radio,"Eye-tracker calibration: ","0, Done | 1, Not required",,,,,,,,,,,,
eeget_p5_chklst_et_done,eegetlog,,checkbox,,"0, Calibration measured | 1, Calibration type (select below) | 2, Standard | 3, Stars | 4, Validation measured",,,,,,"[eeget_p5_chcklst_et] = 0",,,,,,
eeget_p5_chcklst_dq,eegetlog,,descriptive,"<div class=""rich-text-field-label""><p>Data Quality Checklist</p></div>",,,,,,,,,,,,,
eeget_p5_b1,eegetlog,,descriptive,"<div class=""rich-text-field-label""><p><span style=""text-decoration: underline;"">Block 1: </span></p> <table style=""border-collapse: collapse; width: 100%; height: 129px;"" border=""1""> <tbody> <tr style=""height: 17px;""> <td style=""width: 11.2306%; height: 17px; text-align: center;"">Good</td> <td style=""width: 43.7624%; height: 17px; text-align: center;"">Questionable</td> <td style=""width: 43.6209%; height: 17px; text-align: center;"">Invalid</td> </tr> <tr style=""height: 17px;""> <td style=""width: 11.2306%; height: 17px;"">{eeget_p5_b1_good}</td> <td style=""width: 43.7624%; height: 17px;"">Reasons: {eeget_p5_b1_reasons}</td> <td style=""width: 43.6209%; height: 17px;""> </td> </tr> <tr style=""height: 17px;""> <td style=""width: 11.2306%; height: 17px;""> </td> <td style=""width: 43.7624%; height: 17px;"">Notes: {eeget_p5_b1_notes}</td> <td style=""width: 43.6209%; height: 17px;""> </td> </tr> </tbody> </table></div>",,,,,,,,,,,,,
eeget_p5_b1_good,eegetlog,,checkbox,Good,"0,",,,,,,,,,,,,
eeget_p5_b1_reasons,eegetlog,,checkbox,Reasons,"0, Movement | 1, Attention | 2, Talking | 3, Did not understand task | 4, Distance from the screen | 5, Eye-tracker recalibration required | 6, EEG net movement | 7, Other",,,,,,,,,,,,
eeget_p5_b1_notes,eegetlog,,notes,"Notes: ",,,,,,,,,,,,,
eeget_p5_b2,eegetlog,,descriptive,"<div class=""rich-text-field-label""><p><span style=""text-decoration: underline;"">Block 2: </span></p> <table style=""border-collapse: collapse; width: 100%; height: 129px;"" border=""1""> <tbody> <tr style=""height: 17px;""> <td style=""width: 11.2306%; height: 17px; text-align: center;"">Good</td> <td style=""width: 43.7624%; height: 17px; text-align: center;"">Questionable</td> <td style=""width: 43.6209%; height: 17px; text-align: center;"">Invalid</td> </tr> <tr style=""height: 17px;""> <td style=""width: 11.2306%; height: 17px;"">{eeget_p5_b2_good}</td> <td style=""width: 43.7624%; height: 17px;"">Reasons: {eeget_p5_b2_reasons}</td> <td style=""width: 43.6209%; height: 17px;""> </td> </tr> <tr style=""height: 17px;""> <td style=""width: 11.2306%; height: 17px;""> </td> <td style=""width: 43.7624%; height: 17px;"">Notes: {eeget_p5_b2_notes}</td> <td style=""width: 43.6209%; height: 17px;""> </td> </tr> </tbody> </table></div>",,,,,,,,,,,,,
eeget_p5_b2_good,eegetlog,,checkbox,Good,"0,",,,,,,,,,,,,
eeget_p5_b2_reasons,eegetlog,,checkbox,Reasons,"0, Movement | 1, Attention | 2, Talking | 3, Did not understand task | 4, Distance from the screen | 5, Eye-tracker recalibration required | 6, EEG net movement | 7, Other",,,,,,,,,,,,
eeget_p5_b2_notes,eegetlog,,notes,"Notes: ",,,,,,,,,,,,,
eeget_p5_b3,eegetlog,,descriptive,"<div class=""rich-text-field-label""><p><span style=""text-decoration: underline;"">Block 3: </span></p> <table style=""border-collapse: collapse; width: 100%; height: 129px;"" border=""1""> <tbody> <tr style=""height: 17px;""> <td style=""width: 11.2306%; height: 17px; text-align: center;"">Good</td> <td style=""width: 43.7624%; height: 17px; text-align: center;"">Questionable</td> <td style=""width: 43.6209%; height: 17px; text-align: center;"">Invalid</td> </tr> <tr style=""height: 17px;""> <td style=""width: 11.2306%; height: 17px;"">{eeget_p5_b3_good}</td> <td style=""width: 43.7624%; height: 17px;"">Reasons: {eeget_p5_b3_reasons}</td> <td style=""width: 43.6209%; height: 17px;""> </td> </tr> <tr style=""height: 17px;""> <td style=""width: 11.2306%; height: 17px;""> </td> <td style=""width: 43.7624%; height: 17px;"">Notes: {eeget_p5_b3_notes}</td> <td style=""width: 43.6209%; height: 17px;""> </td> </tr> </tbody> </table></div>",,,,,,,,,,,,,
eeget_p5_b3_good,eegetlog,,checkbox,Good,"0,",,,,,,,,,,,,
eeget_p5_b3_reasons,eegetlog,,checkbox,Reasons,"0, Movement | 1, Attention | 2, Talking | 3, Did not understand task | 4, Distance from the screen | 5, Eye-tracker recalibration required | 6, EEG net movement | 7, Other",,,,,,,,,,,,
eeget_p5_b3_notes,eegetlog,,notes,"Notes: ",,,,,,,,,,,,,
eeget_p5_b4,eegetlog,,descriptive,"<div class=""rich-text-field-label""><p><span style=""text-decoration: underline;"">Block 4: </span></p> <table style=""border-collapse: collapse; width: 100%; height: 129px;"" border=""1""> <tbody> <tr style=""height: 17px;""> <td style=""width: 11.2306%; height: 17px; text-align: center;"">Good</td> <td style=""width: 43.7624%; height: 17px; text-align: center;"">Questionable</td> <td style=""width: 43.6209%; height: 17px; text-align: center;"">Invalid</td> </tr> <tr style=""height: 17px;""> <td style=""width: 11.2306%; height: 17px;"">{eeget_p5_b4_good}</td> <td style=""width: 43.7624%; height: 17px;"">Reasons: {eeget_p5_b4_reasons}</td> <td style=""width: 43.6209%; height: 17px;""> </td> </tr> <tr style=""height: 17px;""> <td style=""width: 11.2306%; height: 17px;""> </td> <td style=""width: 43.7624%; height: 17px;"">Notes: {eeget_p5_b4_notes}</td> <td style=""width: 43.6209%; height: 17px;""> </td> </tr> </tbody> </table></div>",,,,,,,,,,,,,
eeget_p5_b4_good,eegetlog,,checkbox,Good,"0,",,,,,,,,,,,,
eeget_p5_b4_reasons,eegetlog,,checkbox,Reasons,"0, Movement | 1, Attention | 2, Talking | 3, Did not understand task | 4, Distance from the screen | 5, Eye-tracker recalibration required | 6, EEG net movement | 7, Other",,,,,,,,,,,,
eeget_p5_b4_notes,eegetlog,,notes,"Notes: ",,,,,,,,,,,,,
eeget_p5_decision,eegetlog,,radio,"Decision for analysis: ","0, Data | 1, Questionable | 2, No Data",,,,,,,,,,,,
eeget_p5_decision_reason,eegetlog,,checkbox,"Reasons: ","0, Quality | 1, Attention/Movement | 2, Refusal | 3, Did not understand | 4, Other",,,,,,"[eeget_p5_decision] > 0",,,,,,
eeget_p5_saved,eegetlog,,checkbox,,"0, Data file saved to appropriate folder",,,,,,,,,,,,
eeget_p6_start,eegetlog,"Paradigm 6: Gap Overlap (1 block, 36 trials)",text,"Time Start",,,time,,,,,,,,,,
eeget_p6_end,eegetlog,,text,"Time End",,,time,,,,,,,,,,
eeget_p6_script,eegetlog,,descriptive,"<i><br>(Read script)</br>
This next task will involve some animations. It will take about <u>5</u> minutes. Your job is to look at the screen. Remember to keep your body and your head as still as possible.</i>",,,,,,,,,,,,,
eeget_p6_chcklst_su,eegetlog,,descriptive,"Set-up checklist",,,,,,,,,,,,,
eeget_p6_chklist_impedance,eegetlog,,radio,"Impedance check: ","0, Done | 1, Not required",,,,,,,,,,,,
eeget_p6_chcklst_et,eegetlog,,radio,"Eye-tracker calibration: ","0, Done | 1, Not required",,,,,,,,,,,,
eeget_p6_chklst_et_done,eegetlog,,checkbox,,"0, Calibration measured | 1, Calibration type (select below) | 2, Standard | 3, Stars | 4, Validation measured",,,,,,"[eeget_p1_chcklst_et] = 0",,,,,,
eeget_p6_chcklst_dq,eegetlog,,descriptive,"<div class=""rich-text-field-label""><p>Data Quality Checklist</p></div>",,,,,,,,,,,,,
eeget_p6_b1,eegetlog,,descriptive,"<div class=""rich-text-field-label""><p><span style=""text-decoration: underline;"">Block 1: </span></p> <table style=""border-collapse: collapse; width: 100%; height: 129px;"" border=""1""> <tbody> <tr style=""height: 17px;""> <td style=""width: 11.2306%; height: 17px; text-align: center;"">Good</td> <td style=""width: 43.7624%; height: 17px; text-align: center;"">Questionable</td> <td style=""width: 43.6209%; height: 17px; text-align: center;"">Invalid</td> </tr> <tr style=""height: 17px;""> <td style=""width: 11.2306%; height: 17px;"">{eeget_p6_b1_good}</td> <td style=""width: 43.7624%; height: 17px;"">Reasons: {eeget_p6_b1_reasons}</td> <td style=""width: 43.6209%; height: 17px;""> </td> </tr> <tr style=""height: 17px;""> <td style=""width: 11.2306%; height: 17px;""> </td> <td style=""width: 43.7624%; height: 17px;"">Notes: {eeget_p6_b1_notes}</td> <td style=""width: 43.6209%; height: 17px;""> </td> </tr> </tbody> </table></div>",,,,,,,,,,,,,
eeget_p6_b1_good,eegetlog,,checkbox,Good,"0,",,,,,,,,,,,,
eeget_p6_b1_reasons,eegetlog,,checkbox,Reasons,"0, Movement | 1, Attention | 2, Talking | 3, Did not understand task | 4, Distance from the screen | 5, Eye-tracker recalibration required | 6, EEG net movement | 7, Other",,,,,,,,,,,,
eeget_p6_b1_notes,eegetlog,,notes,"Notes: ",,,,,,,,,,,,,
eeget_p6_decision,eegetlog,,radio,"Decision for analysis: ","0, Data | 1, Questionable | 2, No Data",,,,,,,,,,,,
eeget_p6_decision_reason,eegetlog,,checkbox,"Reasons: ","0, Quality | 1, Attention/Movement | 2, Refusal | 3, Did not understand | 4, Other",,,,,,"[eeget_p6_decision] > 0",,,,,,
eeget_p6_saved,eegetlog,,checkbox,,"0, Data file saved to appropriate folder",,,,,,,,,,,,
eeget_p7_start,eegetlog,"Paradigm 7: Pupillary Light Reflex (1 block, 32 trials)",text,"Time Start",,,time,,,,,,,,,,
eeget_p7_end,eegetlog,,text,"Time End",,,time,,,,,,,,,,
eeget_p7_script,eegetlog,,descriptive,"<i><br>(Read script)</br>
This is the final task! It will take about <u>5</u> minutes. Your job is to look at the screen. Remember to keep your body and your head as still as possible.</i>",,,,,,,,,,,,,
eeget_p7_chcklst_su,eegetlog,,descriptive,"Set-up checklist",,,,,,,,,,,,,
eeget_p7_chklist_impedance,eegetlog,,radio,"Impedance check: ","0, Done | 1, Not required",,,,,,,,,,,,
eeget_p7_chcklst_et,eegetlog,,radio,"Eye-tracker calibration: ","0, Done | 1, Not required",,,,,,,,,,,,
eeget_p7_chklst_et_done,eegetlog,,checkbox,,"0, Calibration measured | 1, Calibration type (select below) | 2, Standard | 3, Stars | 4, Validation measured",,,,,,"[eeget_p1_chcklst_et] = 0",,,,,,
eeget_p7_chcklst_dq,eegetlog,,descriptive,"<div class=""rich-text-field-label""><p>Data Quality Checklist</p></div>",,,,,,,,,,,,,
eeget_p7_b1,eegetlog,,descriptive,"<div class=""rich-text-field-label""><p><span style=""text-decoration: underline;"">Block 1: </span></p> <table style=""border-collapse: collapse; width: 100%; height: 129px;"" border=""1""> <tbody> <tr style=""height: 17px;""> <td style=""width: 11.2306%; height: 17px; text-align: center;"">Good</td> <td style=""width: 43.7624%; height: 17px; text-align: center;"">Questionable</td> <td style=""width: 43.6209%; height: 17px; text-align: center;"">Invalid</td> </tr> <tr style=""height: 17px;""> <td style=""width: 11.2306%; height: 17px;"">{eeget_p7_b1_good}</td> <td style=""width: 43.7624%; height: 17px;"">Reasons: {eeget_p7_b1_reasons}</td> <td style=""width: 43.6209%; height: 17px;""> </td> </tr> <tr style=""height: 17px;""> <td style=""width: 11.2306%; height: 17px;""> </td> <td style=""width: 43.7624%; height: 17px;"">Notes: {eeget_p7_b1_notes}</td> <td style=""width: 43.6209%; height: 17px;""> </td> </tr> </tbody> </table></div>",,,,,,,,,,,,,
eeget_p7_b1_good,eegetlog,,checkbox,Good,"0,",,,,,,,,,,,,
eeget_p7_b1_reasons,eegetlog,,checkbox,Reasons,"0, Movement | 1, Attention | 2, Talking | 3, Did not understand task | 4, Distance from the screen | 5, Eye-tracker recalibration required | 6, EEG net movement | 7, Other",,,,,,,,,,,,
eeget_p7_b1_notes,eegetlog,,notes,"Notes: ",,,,,,,,,,,,,
eeget_p7_decision,eegetlog,,radio,"Decision for analysis: ","0, Data | 1, Questionable | 2, No Data",,,,,,,,,,,,
eeget_p7_decision_reason,eegetlog,,checkbox,"Reasons: ","0, Quality | 1, Attention/Movement | 2, Refusal | 3, Did not understand | 4, Other",,,,,,"[eeget_p7_decision] > 0",,,,,,
eeget_p7_saved,eegetlog,,checkbox,,"0, Data file saved to appropriate folder",,,,,,,,,,,,
eeget_p8_start,eegetlog,"Paradigm 8: Tone MMN Oddball (2 blocks, 60 trials each)",text,"Time Start",,,time,,,,,,,,,,
eeget_p8_end,eegetlog,,text,"Time End",,,time,,,,,,,,,,
eeget_p8_script,eegetlog,,descriptive,"<i><br>(Read script)</br>
<br>You have just finished the <u>Movies</u>, and next you will be doing the <u>Robot task</u>. It will take about <u>9</u> minutes.</br><br>You will pretend that you are time travelling to the future. You will meet a robot. It will be talking to you in its own language, but you are not going to be able to understand it. Your job is just to listen carefully to what the robot is saying.</br><br>Remember to keep your body and your head as still as possible.</br></i>",,,,,,,,,,,,,
eeget_p8_chcklst_su,eegetlog,,descriptive,"Set-up checklist",,,,,,,,,,,,,
eeget_p8_chklist_impedance,eegetlog,,radio,"Impedance check: ","0, Done | 1, Not required",,,,,,,,,,,,
eeget_p8_chcklst_et,eegetlog,,radio,"Eye-tracker calibration: ","0, Done | 1, Not required",,,,,,,,,,,,
eeget_p8_chklst_et_done,eegetlog,,checkbox,,"0, Calibration measured | 1, Calibration type (select below) | 2, Standard | 3, Stars | 4, Validation measured",,,,,,"[eeget_p8_chcklst_et] = 0",,,,,,
eeget_p8_chcklst_dq,eegetlog,,descriptive,"<div class=""rich-text-field-label""><p>Data Quality Checklist</p></div>",,,,,,,,,,,,,
eeget_p8_b1,eegetlog,,descriptive,"<div class=""rich-text-field-label""><p><span style=""text-decoration: underline;"">Block 1: </span></p> <table style=""border-collapse: collapse; width: 100%; height: 129px;"" border=""1""> <tbody> <tr style=""height: 17px;""> <td style=""width: 11.2306%; height: 17px; text-align: center;"">Good</td> <td style=""width: 43.7624%; height: 17px; text-align: center;"">Questionable</td> <td style=""width: 43.6209%; height: 17px; text-align: center;"">Invalid</td> </tr> <tr style=""height: 17px;""> <td style=""width: 11.2306%; height: 17px;"">{eeget_p8_b1_good}</td> <td style=""width: 43.7624%; height: 17px;"">Reasons: {eeget_p8_b1_reasons}</td> <td style=""width: 43.6209%; height: 17px;""> </td> </tr> <tr style=""height: 17px;""> <td style=""width: 11.2306%; height: 17px;""> </td> <td style=""width: 43.7624%; height: 17px;"">Notes: {eeget_p8_b1_notes}</td> <td style=""width: 43.6209%; height: 17px;""> </td> </tr> </tbody> </table></div>",,,,,,,,,,,,,
eeget_p8_b1_good,eegetlog,,checkbox,Good,"0,",,,,,,,,,,,,
eeget_p8_b1_reasons,eegetlog,,checkbox,Reasons,"0, Movement | 1, Attention | 2, Talking | 3, Did not understand task | 4, Distance from the screen | 5, Eye-tracker recalibration required | 6, EEG net movement | 7, Other",,,,,,,,,,,,
eeget_p8_b1_notes,eegetlog,,notes,"Notes: ",,,,,,,,,,,,,
eeget_p8_b2,eegetlog,,descriptive,"<div class=""rich-text-field-label""><p><span style=""text-decoration: underline;"">Block 2: </span></p> <table style=""border-collapse: collapse; width: 100%; height: 129px;"" border=""1""> <tbody> <tr style=""height: 17px;""> <td style=""width: 11.2306%; height: 17px; text-align: center;"">Good</td> <td style=""width: 43.7624%; height: 17px; text-align: center;"">Questionable</td> <td style=""width: 43.6209%; height: 17px; text-align: center;"">Invalid</td> </tr> <tr style=""height: 17px;""> <td style=""width: 11.2306%; height: 17px;"">{eeget_p8_b2_good}</td> <td style=""width: 43.7624%; height: 17px;"">Reasons: {eeget_p8_b2_reasons}</td> <td style=""width: 43.6209%; height: 17px;""> </td> </tr> <tr style=""height: 17px;""> <td style=""width: 11.2306%; height: 17px;""> </td> <td style=""width: 43.7624%; height: 17px;"">Notes: {eeget_p8_b2_notes}</td> <td style=""width: 43.6209%; height: 17px;""> </td> </tr> </tbody> </table></div>",,,,,,,,,,,,,
eeget_p8_b2_good,eegetlog,,checkbox,Good,"0,",,,,,,,,,,,,
eeget_p8_b2_reasons,eegetlog,,checkbox,Reasons,"0, Movement | 1, Attention | 2, Talking | 3, Did not understand task | 4, Distance from the screen | 5, Eye-tracker recalibration required | 6, EEG net movement | 7, Other",,,,,,,,,,,,
eeget_p8_b2_notes,eegetlog,,notes,"Notes: ",,,,,,,,,,,,,
eeget_p8_decision,eegetlog,,radio,"Decision for analysis: ","0, Data | 1, Questionable | 2, No Data",,,,,,,,,,,,
eeget_p8_decision_reason,eegetlog,,checkbox,"Reasons: ","0, Quality | 1, Attention/Movement | 2, Refusal | 3, Did not understand | 4, Other",,,,,,"[eeget_p8_decision] > 0",,,,,,
eeget_p8_saved,eegetlog,,checkbox,,"0, Data file saved to appropriate folder",,,,,,,,,,,,
eeget_p9_start,eegetlog,"Paradigm 9: Naturalistic Social Preference (1 block, 10 trials)",text,"Time Start",,,time,,,,,,,,,,
eeget_p9_end,eegetlog,,text,"Time End",,,time,,,,,,,,,,
eeget_p9_script,eegetlog,,descriptive,"<i><br>(Read script)</br>
The next task will involve some videos of people. It will take about <u>5</u> minutes. Your job is to look at the screen. Remember to keep your body and your head as still as possible.</i>",,,,,,,,,,,,,
eeget_p9_chcklst_su,eegetlog,,descriptive,"Set-up checklist",,,,,,,,,,,,,
eeget_p9_chklist_impedance,eegetlog,,radio,"Impedance check: ","0, Done | 1, Not required",,,,,,,,,,,,
eeget_p9_chcklst_et,eegetlog,,radio,"Eye-tracker calibration: ","0, Done | 1, Not required",,,,,,,,,,,,
eeget_p9_chklst_et_done,eegetlog,,checkbox,,"0, Calibration measured | 1, Calibration type (select below) | 2, Standard | 3, Stars | 4, Validation measured",,,,,,"[eeget_p1_chcklst_et] = 0",,,,,,
eeget_p9_chcklst_dq,eegetlog,,descriptive,"<div class=""rich-text-field-label""><p>Data Quality Checklist</p></div>",,,,,,,,,,,,,
eeget_p9_b1,eegetlog,,descriptive,"<div class=""rich-text-field-label""><p><span style=""text-decoration: underline;"">Block 1: </span></p> <table style=""border-collapse: collapse; width: 100%; height: 129px;"" border=""1""> <tbody> <tr style=""height: 17px;""> <td style=""width: 11.2306%; height: 17px; text-align: center;"">Good</td> <td style=""width: 43.7624%; height: 17px; text-align: center;"">Questionable</td> <td style=""width: 43.6209%; height: 17px; text-align: center;"">Invalid</td> </tr> <tr style=""height: 17px;""> <td style=""width: 11.2306%; height: 17px;"">{eeget_p9_b1_good}</td> <td style=""width: 43.7624%; height: 17px;"">Reasons: {eeget_p9_b1_reasons}</td> <td style=""width: 43.6209%; height: 17px;""> </td> </tr> <tr style=""height: 17px;""> <td style=""width: 11.2306%; height: 17px;""> </td> <td style=""width: 43.7624%; height: 17px;"">Notes: {eeget_p9_b1_notes}</td> <td style=""width: 43.6209%; height: 17px;""> </td> </tr> </tbody> </table></div>",,,,,,,,,,,,,
eeget_p9_b1_good,eegetlog,,checkbox,Good,"0,",,,,,,,,,,,,
eeget_p9_b1_reasons,eegetlog,,checkbox,Reasons,"0, Movement | 1, Attention | 2, Talking | 3, Did not understand task | 4, Distance from the screen | 5, Eye-tracker recalibration required | 6, EEG net movement | 7, Other",,,,,,,,,,,,
eeget_p9_b1_notes,eegetlog,,notes,"Notes: ",,,,,,,,,,,,,
eeget_p9_decision,eegetlog,,radio,"Decision for analysis: ","0, Data | 1, Questionable | 2, No Data",,,,,,,,,,,,
eeget_p9_decision_reason,eegetlog,,checkbox,"Reasons: ","0, Quality | 1, Attention/Movement | 2, Refusal | 3, Did not understand | 4, Other",,,,,,"[eeget_p9_decision] > 0",,,,,,
eeget_p9_saved,eegetlog,,checkbox,,"0, Data file saved to appropriate folder",,,,,,,,,,,,
eeget_p10_start,eegetlog,"Paradigm 10: Facial Social Preference (2 blocks, 34 trials each)",text,"Time Start",,,time,,,,,,,,,,
eeget_p10_end,eegetlog,,text,"Time End",,,time,,,,,,,,,,
eeget_p10_script,eegetlog,,descriptive,"<i><br>(Read script)</br>
The next task will involve some videos of faces. It will take about <u>5</u> minutes. Your job is to look at the screen. Remember to keep your body and your head as still as possible.</i>",,,,,,,,,,,,,
eeget_p10_chcklst_su,eegetlog,,descriptive,"Set-up checklist",,,,,,,,,,,,,
eeget_p10_chklist_impedance,eegetlog,,radio,"Impedance check: ","0, Done | 1, Not required",,,,,,,,,,,,
eeget_p10_chcklst_et,eegetlog,,radio,"Eye-tracker calibration: ","0, Done | 1, Not required",,,,,,,,,,,,
eeget_p10_chklst_et_done,eegetlog,,checkbox,,"0, Calibration measured | 1, Calibration type (select below) | 2, Standard | 3, Stars | 4, Validation measured",,,,,,"[eeget_p10_chcklst_et] = 0",,,,,,
eeget_p10_chcklst_dq,eegetlog,,descriptive,"<div class=""rich-text-field-label""><p>Data Quality Checklist</p></div>",,,,,,,,,,,,,
eeget_p10_b1,eegetlog,,descriptive,"<div class=""rich-text-field-label""><p><span style=""text-decoration: underline;"">Block 1: </span></p> <table style=""border-collapse: collapse; width: 100%; height: 129px;"" border=""1""> <tbody> <tr style=""height: 17px;""> <td style=""width: 11.2306%; height: 17px; text-align: center;"">Good</td> <td style=""width: 43.7624%; height: 17px; text-align: center;"">Questionable</td> <td style=""width: 43.6209%; height: 17px; text-align: center;"">Invalid</td> </tr> <tr style=""height: 17px;""> <td style=""width: 11.2306%; height: 17px;"">{eeget_p10_b1_good}</td> <td style=""width: 43.7624%; height: 17px;"">Reasons: {eeget_p10_b1_reasons}</td> <td style=""width: 43.6209%; height: 17px;""> </td> </tr> <tr style=""height: 17px;""> <td style=""width: 11.2306%; height: 17px;""> </td> <td style=""width: 43.7624%; height: 17px;"">Notes: {eeget_p10_b1_notes}</td> <td style=""width: 43.6209%; height: 17px;""> </td> </tr> </tbody> </table></div>",,,,,,,,,,,,,
eeget_p10_b1_good,eegetlog,,checkbox,Good,"0,",,,,,,,,,,,,
eeget_p10_b1_reasons,eegetlog,,checkbox,Reasons,"0, Movement | 1, Attention | 2, Talking | 3, Did not understand task | 4, Distance from the screen | 5, Eye-tracker recalibration required | 6, EEG net movement | 7, Other",,,,,,,,,,,,
eeget_p10_b1_notes,eegetlog,,notes,"Notes: ",,,,,,,,,,,,,
eeget_p10_b2,eegetlog,,descriptive,"<div class=""rich-text-field-label""><p><span style=""text-decoration: underline;"">Block 2: </span></p> <table style=""border-collapse: collapse; width: 100%; height: 129px;"" border=""1""> <tbody> <tr style=""height: 17px;""> <td style=""width: 11.2306%; height: 17px; text-align: center;"">Good</td> <td style=""width: 43.7624%; height: 17px; text-align: center;"">Questionable</td> <td style=""width: 43.6209%; height: 17px; text-align: center;"">Invalid</td> </tr> <tr style=""height: 17px;""> <td style=""width: 11.2306%; height: 17px;"">{eeget_p10_b2_good}</td> <td style=""width: 43.7624%; height: 17px;"">Reasons: {eeget_p10_b2_reasons}</td> <td style=""width: 43.6209%; height: 17px;""> </td> </tr> <tr style=""height: 17px;""> <td style=""width: 11.2306%; height: 17px;""> </td> <td style=""width: 43.7624%; height: 17px;"">Notes: {eeget_p10_b2_notes}</td> <td style=""width: 43.6209%; height: 17px;""> </td> </tr> </tbody> </table></div>",,,,,,,,,,,,,
eeget_p10_b2_good,eegetlog,,checkbox,Good,"0,",,,,,,,,,,,,
eeget_p10_b2_reasons,eegetlog,,checkbox,Reasons,"0, Movement | 1, Attention | 2, Talking | 3, Did not understand task | 4, Distance from the screen | 5, Eye-tracker recalibration required | 6, EEG net movement | 7, Other",,,,,,,,,,,,
eeget_p10_b2_notes,eegetlog,,notes,"Notes: ",,,,,,,,,,,,,
eeget_p10_decision,eegetlog,,radio,"Decision for analysis: ","0, Data | 1, Questionable | 2, No Data",,,,,,,,,,,,
eeget_p10_decision_reason,eegetlog,,checkbox,"Reasons: ","0, Quality | 1, Attention/Movement | 2, Refusal | 3, Did not understand | 4, Other",,,,,,"[eeget_p10_decision] > 0",,,,,,
eeget_p10_saved,eegetlog,,checkbox,,"0, Data file saved to appropriate folder",,,,,,,,,,,,
eeget_general_notes,eegetlog,,notes,"General session notes:",,,,,,,,,,,,,
eeget_closing_script,eegetlog,,descriptive,"<i>
(Closing script)</br>

Thank you for your time today! Do you have any questions? 
</i>",,,,,,,,,,,,,
eeget_session_end,eegetlog,,checkbox,"Session-ending protocols:","0, Remove net and place in bucket | 1, Provide participant with $50 compensation | 2, Clean net following procedure specified by EGI. Hang net in wardrobe | 3, Unplug stim-tracker, (cords in final set-up), shut down all monitors, place mice upside down",,,,,,,,,,,,
